original,tokens,n_tokens
Bitcoin surges past key resistance level as institutional demand grows,"['bitcoin', 'surges', 'resistance', 'level', 'institution', 'demand', 'grows']",7
Ethereum network upgrade boosts transaction speed and reduces fees,"['ethereum', 'network', 'upgrade', 'boosts', 'transaction', 'speed', 'reduces', 'fees']",8
Crypto market faces correction amid regulatory uncertainty,"['crypto', 'market', 'faces', 'correction', 'regulation', 'uncertainty']",6
Solana DeFi ecosystem sees record daily active users,"['solana', 'defi', 'ecosystem', 'record', 'daily', 'active', 'users']",7
Bitcoin mining difficulty hits all-time high as hashrate grows,"['bitcoin', 'mining', 'difficulty', 'hits', 'alltime', 'high', 'hashrate', 'grows']",8
Central banks warn against cryptocurrency adoption risks,"['central', 'banks', 'warn', 'against', 'crypto', 'adoption', 'risks']",7
Major exchange lists new altcoin tokens amid market optimism,"['major', 'exchange', 'lists', 'altcoin', 'token', 'market', 'optimism']",7
Blockchain technology adoption accelerates in financial sector,"['blockchain', 'technology', 'adoption', 'accelerates', 'financial', 'sector']",6
Crypto whale movements signal potential market volatility ahead,"['crypto', 'whale', 'movements', 'signal', 'potential', 'market', 'volatility', 'ahead']",8
Bitcoin ETF sees record inflows as institutional interest surges,"['bitcoin', 'record', 'inflows', 'institution', 'interest', 'surges']",6
Ethereum Layer 2 solutions reduce transaction costs significantly,"['ethereum', 'layer', 'solutions', 'reduce', 'transaction', 'costs', 'significantly']",7
Regulatory framework for crypto assets expected by year end,"['regulation', 'framework', 'crypto', 'assets', 'expected', 'year']",6
DeFi protocol launches new yield farming opportunities,"['defi', 'protocol', 'launches', 'yield', 'farming', 'opportunities']",6
NFT market shows signs of recovery after prolonged downturn,"['market', 'shows', 'signs', 'recovery', 'prolonged', 'downturn']",6
Altcoin season predicted as Bitcoin dominance weakens,"['altcoin', 'season', 'predicted', 'bitcoin', 'dominance', 'weakens']",6
